name,cwe_id
101,CWE-1321
@actions/core,CWE-77
@actions/core,CWE-20
@actions/core,CWE-77
@actions/core,CWE-74
@angular/core,CWE-79
@antfu/utils,CWE-1321
@apollo/gateway,CWE-400
@apollo/gateway,CWE-1321
@apollosproject/data-connector-rock,CWE-303
@apollosproject/data-connector-rock,CWE-287
@asyncapi/java-spring-cloud-stream-template,CWE-94
@asyncapi/modelina,CWE-94
@atlaskit/editor-core,CWE-79
@auth0/nextjs-auth0,CWE-79
@auth0/nextjs-auth0,CWE-601
@aws-crypto/client-browser,CWE-347
@awsui/components-react,CWE-79
@azure/ms-rest-nodeauth,CWE-269
@babel/traverse,CWE-184
@backstage/core-components,CWE-79
@backstage/plugin-auth-backend,CWE-79
@backstage/plugin-scaffolder-backend,CWE-94
@backstage/plugin-scaffolder-backend,CWE-22
@backstage/plugin-scaffolder-backend,CWE-22
@backstage/plugin-techdocs,CWE-77
@backstage/plugin-techdocs,CWE-434
@backstage/techdocs-common,CWE-22
@backstage/techdocs-common,CWE-434
@backstage/techdocs-common,CWE-77
@berslucas/liljs,CWE-79
@braintree/sanitize-url,CWE-79
@braintree/sanitize-url,CWE-79
@budibase/worker,CWE-284
@budibase/worker,CWE-913
@builder.io/qwik-city,CWE-352
@calizahq/react-hooks,CWE-506
@chainsafe/libp2p-noise,CWE-347
@chainsafe/lodestar,CWE-190
@ckeditor/ckeditor5-engine,CWE-400
@ckeditor/ckeditor5-link,CWE-79
@ckeditor/ckeditor5-markdown-gfm,CWE-79
@ckeditor/ckeditor5-markdown-gfm,CWE-400
@cookiex/deep,CWE-1321
@cookiex/deep,CWE-915
@cubejs-backend/api-gateway,CWE-89
@curveball/a12n-server,CWE-89
@curveball/a12n-server,CWE-269
@curveball/a12n-server,CWE-863
@dependencytrack/frontend,CWE-79
@diez/generation,CWE-77
@diez/generation,CWE-78
@dydxprotocol/perpetual,CWE-506
@dydxprotocol/solo,CWE-506
@easy-team/easywebpack-cli,CWE-22
@ensdomains/ens,CWE-285
@ensdomains/ens-contracts,CWE-190
@excalidraw/excalidraw,CWE-79
@excalidraw/excalidraw,CWE-79
@fabiocaccamo/utils.js,CWE-1321
@fastify/csrf-protection,CWE-352
@fastify/multipart,CWE-400
@fastify/multipart,CWE-770
@fastify/oauth2,CWE-352
@feathersjs/socketio,CWE-754
@finastra/nestjs-proxy,CWE-200
@finastra/nestjs-proxy,CWE-200
@finastra/ssr-pages,CWE-79
@finastra/ssr-pages,CWE-22
@firebase/util,CWE-400
@fraction/oasis,CWE-352
@github/paste-markdown,CWE-79
@goauthentik/api,CWE-203
@grafana/data,CWE-79
@graphql-tools/git-loader,CWE-77
@hapi/boom,CWE-79
@hapi/hoek,CWE-1321
@hapi/hoek,CWE-1321
@hapi/subtext,CWE-1321
@hapi/subtext,CWE-400
@ianwalter/merge,CWE-1321
@ionic/core,CWE-79
@isomorphic-git/cors-proxy,CWE-918
@joeattardi/emoji-button,CWE-79
@keystone-6/auth,CWE-79
@keystone-6/auth,CWE-601
@keystone-6/core,CWE-862
@keystone-6/core,CWE-74
@keystone-6/core,CWE-285
@keystone-6/core,CWE-863
@keystonejs/keystone,CWE-200
@knight-lab/timelinejs,CWE-79
@mittwald/kubernetes,CWE-532
@nestjs/core,CWE-200
@netlify/ipx,CWE-79
@nextcloud/dialogs,CWE-80
@nextcloud/dialogs,CWE-79
@nguniversal/common,CWE-79
@node-red/runtime,CWE-22
@node-red/runtime,CWE-1321
@node-red/runtime,CWE-915
@node-saml/node-saml,CWE-613
@node-saml/node-saml,CWE-347
@novnc/novnc,CWE-79
@nozbe/watermelondb,CWE-89
@npmcli/arborist,CWE-59
@npmcli/arborist,CWE-61
@npmcli/arborist,CWE-178
@npmcli/arborist,CWE-59
@npmcli/arborist,CWE-61
@nuxtlabs/github-module,CWE-798
@okta/oidc-middleware,CWE-601
@plone/volto,CWE-287
@podium/layout,CWE-248
@prisma/sdk,CWE-78
@progfay/scrapbox-parser,CWE-400
@progress/kendo-angular-editor,CWE-79
@replit/crosis,CWE-200
@rocket.chat/livechat,CWE-79
@ronomon/opened,CWE-77
@sap-cloud-sdk/core,CWE-285
@sap-cloud-sdk/core,CWE-200
@scandipwa/magento-scripts,CWE-670
@scullyio/scully,CWE-79
@shopify/hydrogen,CWE-79
@shopify/koa-shopify-auth,CWE-79
@simonsmith/cypress-image-snapshot,CWE-22
@soketi/soketi,CWE-755
@solana/pay,CWE-670
@solid/identity-token-verifier,CWE-290
@strapi/admin,CWE-770
@strapi/database,CWE-200
@strapi/plugin-content-manager,CWE-200
@strapi/plugin-content-manager,CWE-200
@strapi/plugin-users-permissions,CWE-74
@strapi/strapi,CWE-312
@strapi/strapi,CWE-200
@strapi/strapi,CWE-79
@sveltejs/kit,CWE-352
@sveltejs/kit,CWE-352
@sveltejs/kit,CWE-184
@sveltejs/kit,CWE-918
@tarojs/helper,CWE-1333
@tauri-apps/cli,CWE-200
@tauri-apps/cli,CWE-522
@theia/console,CWE-79
@theia/messages,CWE-829
@theia/mini-browser,CWE-346
@theia/mini-browser,CWE-942
@theia/mini-browser,CWE-668
@theia/mini-browser,CWE-345
@theia/plugin-ext,CWE-940
@theia/preview,CWE-79
@thi.ng/egf,CWE-78
@tinacms/cli,CWE-200
@toast-ui/editor,CWE-79
@tsed/core,CWE-1321
@tsed/core,CWE-915
@udecode/plate-link,CWE-79
@uniswap/universal-router,CWE-863
@uppy/companion,CWE-918
@uppy/companion,CWE-200
@uppy/companion,CWE-863
@uppy/companion,CWE-918
@uppy/companion,CWE-918
@vendure/admin-ui-plugin,CWE-79
@vrite/sdk,CWE-20
@vrite/sdk,CWE-770
@vrite/sdk,CWE-918
@vuelidate/validators,CWE-697
@vuelidate/validators,CWE-1333
@vuelidate/validators,CWE-400
@web3-react/coinbase-wallet,CWE-362
@webiny/react-rich-text-renderer,CWE-79
@yaireo/tagify,CWE-79
@zowe/imperative,CWE-77
Blink1Control2,CWE-326
Haraka,CWE-77
acorn,CWE-400
adb-driver,CWE-78
adm-zip,CWE-22
aedes,CWE-755
aedes,CWE-285
aedes,CWE-863
aegir,CWE-200
aegir,CWE-200
aerospike,CWE-311
ag-grid,CWE-79
ag-grid-community,CWE-79
airbrake,CWE-200
ajv,CWE-1321
ajv,CWE-915
algoliasearch-helper,CWE-1321
algoliasearch-helper,CWE-915
alto-saxophone,CWE-311
angular,CWE-1321
angular,CWE-79
angular,CWE-79
angular,CWE-770
angular,CWE-1333
angular,CWE-1333
angular,CWE-79
angular,CWE-20
angular,CWE-1333
angular,CWE-79
angular,CWE-915
angular,CWE-1333
angular,CWE-79
angular-http-server,CWE-22
angular-http-server,CWE-22
angular-jwt,CWE-20
angular-server-side-configuration,CWE-538
angular-server-side-configuration,CWE-200
angular-ui-notification,CWE-79
another-date-picker,CWE-506
apexcharts,CWE-79
apiconnect-cli-plugins,CWE-78
apk-parser,CWE-311
apollo-server,CWE-79
apollo-server,CWE-352
apollo-server-core,CWE-524
apollo-server-core,CWE-79
apostrophe,CWE-601
apostrophe,CWE-400
apostrophe,CWE-79
apostrophe,CWE-613
appium-chromedriver,CWE-311
arrayfire-js,CWE-311
ascii-art,CWE-77
assign-deep,CWE-915
assign-deep,CWE-1321
assign-deep,CWE-20
assign-deep,CWE-1321
assign-deep,CWE-471
async,CWE-1321
async-git,CWE-78
async-git,CWE-78
atlasboard,CWE-22
aurelia-framework,CWE-79
auth0,CWE-209
auth0-js,CWE-352
auth0-js,CWE-522
auth0-js,CWE-200
auth0-js,CWE-352
auth0-lock,CWE-79
auth0-lock,CWE-79
auth0-lock,CWE-79
auth0-lock,CWE-79
aws-cdk-lib,CWE-863
aws-cdk-lib,CWE-266
aws-iot-device-sdk-v2,CWE-295
aws-iot-device-sdk-v2,CWE-295
aws-iot-device-sdk-v2,CWE-295
aws-iot-device-sdk-v2,CWE-295
aws-lambda,CWE-78
aws-sdk,CWE-1321
axios,CWE-400
axios,CWE-1333
axios,CWE-20
axios,CWE-755
axios,CWE-918
backbone,CWE-79
baobab,CWE-1321
base64-url,CWE-125
base64url,CWE-125
bassmaster,CWE-94
bcoin,CWE-400
bcrypt,CWE-190
bcrypt,CWE-327
bestzip,CWE-78
bestzip,CWE-77
bigint-money,CWE-682
bignum,CWE-248
bignum,CWE-506
bionode-sra,CWE-269
bionode-sra,CWE-311
bittorrent-dht,CWE-201
bl,CWE-126
bl,CWE-125
bl,CWE-200
blueimp-file-upload,CWE-434
bmoor,CWE-1321
bmoor,CWE-1321
bootbox,CWE-79
bootbox,CWE-64
bootstrap,CWE-79
bootstrap,CWE-79
bootstrap,CWE-79
bootstrap,CWE-79
bootstrap,CWE-79
bootstrap,CWE-79
bootstrap-select,CWE-79
bootstrap-select,CWE-79
bootstrap-table,CWE-79
bootstrap-table,CWE-843
bootstrap-table,CWE-79
bootstrap-vue,CWE-79
botframework-connector,CWE-200
botframework-connector,CWE-287
bower,CWE-22
bpmn-js-properties-panel,CWE-79
brace-expansion,CWE-1333
braces,CWE-400
braces,CWE-400
braces,CWE-185
braft-editor,CWE-79
browserify-hmr,CWE-200
browserslist,CWE-400
browserslist,CWE-1333
bson,CWE-502
bson,CWE-400
bson,CWE-185
bson,CWE-502
buefy,CWE-79
buns,CWE-78
buns,CWE-77
buttercms,CWE-434
byte,CWE-125
c3,CWE-79
cacheable-request,CWE-1333
calipso,CWE-668
calipso,CWE-29
call,CWE-20
canvas,CWE-120
capfb,CWE-506
casperjs,CWE-1321
casperjs,CWE-915
cassproject,CWE-325
cd-messenger,CWE-94
centra,CWE-119
cezerin,CWE-20
changeset,CWE-1321
chart.js,CWE-1321
chart.js,CWE-915
chownr,CWE-367
chrome-launcher,CWE-78
chromedriver,CWE-311
chromedriver126,CWE-311
chrono-node,CWE-400
ckeditor-dev,CWE-79
clamscan,CWE-78
clamscan,CWE-74
class-transformer,CWE-915
class-transformer,CWE-1321
class-validator,CWE-79
class-validator,CWE-89
clean-css,CWE-1333
cli,CWE-22
cli,CWE-22
closure-compiler-stream,CWE-78
closure-util,CWE-311
closurecompiler,CWE-311
cloudcmd,CWE-79
cmmn-js-properties-panel,CWE-79
cobalt-cli,CWE-269
cobalt-cli,CWE-311
code-server,CWE-1385
code-server,CWE-346
code-server,CWE-79
code-server,CWE-1333
codecov,CWE-74
codecov,CWE-78
codecov,CWE-78
codem-transcode,CWE-77
codemirror,CWE-400
collection.js,CWE-1321
color-string,CWE-770
comb,CWE-1321
command-exists,CWE-77
compile-sass,CWE-78
component-flatten,CWE-74
concat-stream,CWE-200
conf-cfg-ini,CWE-1321
config-handler,CWE-913
config-shield,CWE-913
connect,CWE-79
connect,CWE-79
connect,CWE-79
connection-tester,CWE-78
console-feed,CWE-79
console-io,CWE-287
content,CWE-400
converse.js,CWE-346
converse.js,CWE-20
converse.js,CWE-200
convict,CWE-1321
convict,CWE-1321
cookiejar,CWE-1333
copy-props,CWE-1321
cordova-android,CWE-532
cordova-plugin-inappbrowser,CWE-79
critters,CWE-79
critters,CWE-80
critters,CWE-116
cross-fetch,CWE-359
cross-fetch,CWE-863
cruddl,CWE-74
crumb,CWE-284
cryptiles,CWE-331
crypto-js,CWE-330
csrf-lite,CWE-208
css-what,CWE-400
css-what,CWE-400
csv-parse,CWE-400
csv-parse,CWE-20
cue-sdk-node,CWE-311
curly-bracket-parser,CWE-79
cyberchef,CWE-79
cycle-import-check,CWE-77
d3-color,CWE-400
dalek-browser-chrome-canary,CWE-311
dalek-browser-ie,CWE-311
dalek-browser-ie-canary,CWE-311
dat.gui,CWE-400
datatables.net,CWE-79
datatables.net,CWE-1321
date-and-time,CWE-400
debug,CWE-1333
debug,CWE-400
decal,CWE-1321
decal,CWE-400
decal,CWE-400
decal,CWE-1321
decal,CWE-94
decamelize,CWE-400
decode-uri-component,CWE-20
decompress,CWE-59
decompress,CWE-22
deep-extend,CWE-20
deeply,CWE-400
deepmerge-ts,CWE-915
deepmerge-ts,CWE-1321
deeps,CWE-1321
deobfuscator,CWE-1321
detect-character-encoding,CWE-755
detect-character-encoding,CWE-401
devcert,CWE-1333
devcert,CWE-74
devcert,CWE-77
devcert,CWE-78
dexie,CWE-1321
diagram-js,CWE-79
diagram-js-direct-editing,CWE-79
dicer,CWE-248
diff,CWE-400
dijit,CWE-79
dijit,CWE-79
directus,CWE-400
directus,CWE-79
directus,CWE-755
directus,CWE-79
directus,CWE-918
directus,CWE-200
directus,CWE-863
directus,CWE-755
directus,CWE-200
directus,CWE-532
directus,CWE-284
directus,CWE-918
diskusage-ng,CWE-78
dmn-js-properties-panel,CWE-79
dns-packet,CWE-200
dns-packet,CWE-908
doc-path,CWE-1321
docker-cli-js,CWE-78
docsify,CWE-79
docsify,CWE-79
docsify,CWE-79
dojo,CWE-1321
dojo,CWE-1321
dojo,CWE-79
dojo,CWE-79
dojo,CWE-79
dojo,CWE-74
dojo,CWE-94
dojox,CWE-94
dojox,CWE-116
dojox,CWE-79
dompurify,CWE-79
dompurify,CWE-79
dompurify,CWE-79
dot,CWE-77
dot,CWE-94
dot-notes,CWE-1321
dot-object,CWE-74
dottie,CWE-1321
droppy,CWE-352
droppy,CWE-22
dset,CWE-1321
dustjs-linkedin,CWE-94
dustjs-linkedin,CWE-1321
dustjs-linkedin,CWE-74
dynamoose,CWE-1321
dynamoose,CWE-915
eco,CWE-79
ecstatic,CWE-400
ecstatic,CWE-400
ecstatic,CWE-400
ecstatic,CWE-601
edge.js,CWE-79
edge.js,CWE-843
egg-scripts,CWE-78
egg-scripts,CWE-77
ejs,CWE-20
ejs,CWE-79
ejs,CWE-74
ejs,CWE-20
electron,CWE-862
electron,CWE-94
electron,CWE-522
electron,CWE-754
electron,CWE-787
electron,CWE-94
electron,CWE-668
electron,CWE-501
electron,CWE-693
electron,CWE-426
electron,CWE-501
electron,CWE-290
electron,CWE-668
electron,CWE-345
electron,CWE-693
electron,CWE-78
electron,CWE-20
electron,CWE-787
electron,CWE-20
electron,CWE-20
electron,CWE-1188
electron,CWE-501
electron,CWE-668
electron,CWE-668
electron,CWE-668
electron,CWE-552
electron,CWE-862
electron,CWE-78
electron,CWE-787
electron,CWE-78
electron,CWE-670
electron,CWE-200
electron-markdownify,CWE-552
electron-packager,CWE-295
element-plus,CWE-79
elliptic,CWE-327
elliptic,CWE-190
embedza,CWE-311
emojione,CWE-79
engine.io,CWE-248
engine.io,CWE-755
engine.io,CWE-754
engine.io,CWE-248
engine.io,CWE-400
engine.io-client,CWE-300
enpeem,CWE-78
epubjs,CWE-79
erxes,CWE-79
es6-crawler-detect,CWE-400
eslint-config-airbnb-standard,CWE-506
eslint-detailed-reporter,CWE-79
eslint-fixer,CWE-77
eslint-scope,CWE-506
eslint-utils,CWE-20
esm,CWE-400
eta,CWE-94
eta,CWE-79
eth-ledger-bridge-keyring,CWE-287
ethereumjs-vm,CWE-119
event-stream,CWE-506
eventsource,CWE-200
eventsource,CWE-212
exceljs,CWE-79
exiftool-vendored,CWE-74
expand-hash,CWE-1321
expand-hash,CWE-915
express,CWE-79
express-brute,CWE-77
express-cart,CWE-89
express-cart,CWE-22
express-cart,CWE-290
express-cart,CWE-79
express-cart,CWE-352
express-fileupload,CWE-915
express-fileupload,CWE-1321
express-fileupload,CWE-434
express-handlebars,CWE-94
express-handlebars,CWE-200
express-hbs,CWE-200
express-hbs,CWE-94
express-jwt,CWE-285
express-jwt,CWE-863
express-openid-connect,CWE-384
express-openid-connect,CWE-601
express-param,CWE-235
express-restify-mongoose,CWE-200
express-zod-api,CWE-1333
external-svg-loader,CWE-79
f-serv,CWE-22
f2e-server,CWE-22
fancy-server,CWE-22
fast-csv,CWE-400
fast-http-cli,CWE-22
fast-json-patch,CWE-1321
fast-xml-parser,CWE-1321
fast-xml-parser,CWE-1333
fastify,CWE-770
fastify,CWE-400
fastify,CWE-352
fastify,CWE-400
fastify,CWE-754
fastify-bearer-auth,CWE-203
fastify-bearer-auth,CWE-208
fastify-csrf,CWE-352
fastify-csrf,CWE-565
fastify-csrf,CWE-352
fastify-http-proxy,CWE-20
fastify-multipart,CWE-400
fastify-multipart,CWE-400
fastify-reply-from,CWE-20
fastify-static,CWE-248
fastify-static,CWE-601
fastify-static,CWE-601
fb-tools,CWE-506
fca-disme,CWE-506
fca-trankhuong,CWE-506
feathers-sequelize,CWE-1321
feathers-sequelize,CWE-89
feathers-sequelize,CWE-89
featurebook,CWE-22
fhir-works-on-aws-authz-smart,CWE-200
fhir-works-on-aws-authz-smart,CWE-281
field,CWE-1321
field,CWE-915
file-type,CWE-835
file-upload-with-preview,CWE-79
find-my-way,CWE-444
flat,CWE-1321
flintcms,CWE-89
flipper-frontend-core,CWE-506
flipper-plugin-core,CWE-506
flipper-server-companion,CWE-506
fluture-node,CWE-212
fluture-node,CWE-359
fluture-node,CWE-601
fluture-node,CWE-200
follow-redirects,CWE-359
follow-redirects,CWE-200
follow-redirects,CWE-212
fomantic-ui,CWE-79
foreman,CWE-400
forms,CWE-80
forms,CWE-400
freediskspace,CWE-78
fresh,CWE-400
froala-editor,CWE-79
froala-editor,CWE-79
froala-editor,CWE-79
frourio,CWE-1321
frourio,CWE-20
frourio-express,CWE-1321
frourio-express,CWE-20
fs-git,CWE-77
fs-git,CWE-78
fsa,CWE-78
fsevents,CWE-506
fsevents,CWE-94
fstream,CWE-59
ftp-srv,CWE-918
ftp-srv,CWE-918
ftp-srv,CWE-22
fuelux,CWE-79
fullpage.js,CWE-1321
fullpage.js,CWE-79
fury-adapter-swagger,CWE-22
galenframework-cli,CWE-311
gammautils,CWE-1321
gatsby,CWE-22
gatsby-plugin-mdx,CWE-502
gatsby-plugin-sharp,CWE-22
gatsby-source-wordpress,CWE-200
gatsby-source-wordpress,CWE-522
gatsby-transformer-remark,CWE-20
gatsby-transformer-remark,CWE-79
geddy,CWE-22
gedi,CWE-1321
generator-hottowel,CWE-79
generator-jhipster,CWE-338
generator-jhipster,CWE-494
generator-jhipster,CWE-829
generator-jhipster,CWE-89
generator-jhipster-kotlin,CWE-338
generator-jhipster-kotlin,CWE-117
genieacs,CWE-78
get-git-data,CWE-78
gethue,CWE-200
getobject,CWE-1321
getsetdeep,CWE-1321
ghost,CWE-22
ghost,CWE-59
ghost,CWE-200
ghost,CWE-79
ghost,CWE-434
ghost,CWE-284
ghost,CWE-22
ghost,CWE-269
ghost,CWE-200
ghost,CWE-88
ghost,CWE-918
git-commit-info,CWE-77
git-commit-info,CWE-78
git-diff-apply,CWE-78
git-interface,CWE-88
git-interface,CWE-78
gitbook,CWE-79
github-todos,CWE-78
gitlabhook,CWE-78
gitlabhook,CWE-506
gitlog,CWE-77
gitsome,CWE-78
glance,CWE-79
glance,CWE-22
glance,CWE-22
glob-parent,CWE-400
glob-parent,CWE-1333
glob-parent,CWE-400
global-modules-path,CWE-77
gm,CWE-77
gmail-js,CWE-79
go-ipfs-dep,CWE-311
google-closure-library,CWE-79
google-closure-library,CWE-20
google-it,CWE-78
google-it,CWE-74
googleapis,CWE-285
grapesjs,CWE-79
graphiql,CWE-79
graphql,CWE-400
graphql-playground-html,CWE-79
graphql-playground-react,CWE-79
graphql-shield,CWE-285
grpc,CWE-1321
grpc,CWE-915
grunt,CWE-22
grunt,CWE-1188
grunt,CWE-367
grunt-ccompiler,CWE-311
grunt-gh-pages,CWE-391
grunt-karma,CWE-1321
grunt-webdriver-qunit,CWE-311
gry,CWE-77
gulp-scss-lint,CWE-78
gulp-tape,CWE-78
gun,CWE-22
haml-coffee,CWE-79
handlebars,CWE-1321
handlebars,CWE-400
handlebars,CWE-1321
handlebars,CWE-1321
handlebars,CWE-471
handlebars,CWE-400
handlebars,CWE-74
handlebars,CWE-94
handlebars,CWE-94
handlebars,CWE-79
handsontable,CWE-1333
hapi,CWE-352
hapi,CWE-400
hapi,CWE-284
hapi,CWE-284
hapi,CWE-400
hapi,CWE-400
hapi-auth-jwt2,CWE-287
hardhat-croned,CWE-506
harp,CWE-548
harp,CWE-22
hawaii-webchat,CWE-506
hawk,CWE-1333
hawk,CWE-400
hawk,CWE-1333
haxe,CWE-269
haxe,CWE-311
haxe-dev,CWE-311
hbs,CWE-94
hbs,CWE-538
hbs,CWE-200
hekto,CWE-22
hekto,CWE-601
hellojs,CWE-79
hellojs,CWE-1321
heroku-addonpool,CWE-78
hexo,CWE-79
highcharts,CWE-79
highcharts,CWE-79
highcharts,CWE-1333
highcharts-export-server,CWE-552
highlight.js,CWE-471
highlight.js,CWE-20
highlight.js,CWE-400
highlight.run,CWE-319
hoek,CWE-1321
hosted-git-info,CWE-400
hostr,CWE-22
hot-formula-parser,CWE-94
html-janitor,CWE-642
html-janitor,CWE-547
html-janitor,CWE-79
html-pages,CWE-64
html-pages,CWE-22
html-pages,CWE-35
html-pages,CWE-79
html-pdf,CWE-200
html-pdf,CWE-79
html-pdf,CWE-73
html-pdf,CWE-668
html-pdf-chrome,CWE-918
htmr,CWE-79
http-cache-semantics,CWE-1333
http-proxy,CWE-703
http-proxy-agent,CWE-400
http-proxy-agent,CWE-665
http-signature,CWE-20
https-proxy-agent,CWE-125
https-proxy-agent,CWE-400
https-proxy-agent,CWE-300
httpster,CWE-22
hubl-server,CWE-311
hubot-scripts,CWE-74
hummus,CWE-690
hummus,CWE-690
i,CWE-1333
i18n-node-angular,CWE-74
i18n-node-angular,CWE-400
i18next,CWE-79
i18next,CWE-79
ibapi,CWE-269
ibapi,CWE-311
ibm_db,CWE-311
ids-enterprise,CWE-79
ids-enterprise,CWE-79
ids-enterprise,CWE-79
iedriver,CWE-311
im-resize,CWE-78
imageoptim,CWE-311
immer,CWE-843
immer,CWE-1321
immer,CWE-915
immer,CWE-471
immer,CWE-1321
import-in-the-middle,CWE-20
inert,CWE-22
ini,CWE-1321
insight-api,CWE-20
install-package,CWE-78
iobroker.admin,CWE-22
iobroker.js-controller,CWE-22
iobroker.web,CWE-79
ipfs-bitswap,CWE-400
ipns,CWE-287
is-email,CWE-400
is-email,CWE-20
is-my-json-valid,CWE-400
is-my-json-valid,CWE-1333
is-user-valid,CWE-90
is-user-valid,CWE-74
is_js,CWE-1333
is_js,CWE-400
isomorphic-git,CWE-22
izimodal,CWE-79
jingo,CWE-79
jison,CWE-78
jodit,CWE-79
jointjs,CWE-400
jointjs,CWE-400
jointjs,CWE-1321
jointjs,CWE-843
joplin,CWE-79
joplin,CWE-79
joplin,CWE-79
joplin,CWE-79
joplin,CWE-79
joplin,CWE-79
joplin,CWE-79
joplin,CWE-352
jose,CWE-834
jose,CWE-400
jose,CWE-696
jose,CWE-203
jpeg-js,CWE-400
jpeg-js,CWE-835
jqtree,CWE-79
jquery,CWE-79
jquery,CWE-79
jquery,CWE-64
jquery,CWE-79
jquery,CWE-79
jquery,CWE-79
jquery,CWE-79
jquery,CWE-79
jquery,CWE-79
jquery,CWE-1321
jquery,CWE-400
jquery-deparam,CWE-1321
jquery-file-upload,CWE-434
jquery-ui,CWE-79
jquery-ui,CWE-79
jquery-ui,CWE-79
jquery-ui,CWE-79
jquery-ui,CWE-79
jquery-ui,CWE-79
jquery-ui,CWE-79
jquery-ujs,CWE-352
jquery-validation,CWE-400
jquery-validation,CWE-1333
jquery-validation,CWE-1333
jquery.terminal,CWE-80
jquery.terminal,CWE-79
jquery.terminal,CWE-79
js-data,CWE-1321
js-data,CWE-1321
js-given,CWE-311
js-ini,CWE-1321
js-yaml,CWE-20
js-yaml,CWE-94
js-yaml,CWE-400
jsdom,CWE-1220
jser-stat,CWE-311
json,CWE-78
json-bigint,CWE-400
json-logic-js,CWE-77
json-logic-js,CWE-471
json-ptr,CWE-74
json-ptr,CWE-1321
json-ptr,CWE-74
json-ptr,CWE-400
json-ptr,CWE-1321
json-ptr,CWE-843
json8,CWE-1321
json8-merge-patch,CWE-1321
json8-merge-patch,CWE-471
json8-merge-patch,CWE-20
jsoneditor,CWE-79
jsoneditor,CWE-697
jsoneditor,CWE-400
jsoneditor,CWE-1333
jsonpointer,CWE-843
jsonpointer,CWE-1321
jsonwebtoken,CWE-327
jsonwebtoken,CWE-327
jsonwebtoken,CWE-347
jsonwebtoken,CWE-287
jsonwebtoken,CWE-20
jsonwebtoken,CWE-20
jsonwebtoken,CWE-287
jspdf,CWE-79
jspdf,CWE-400
jspdf,CWE-79
jspreadsheet-ce,CWE-79
jsrender,CWE-94
jsreport,CWE-829
jsreport,CWE-94
jsreport,CWE-918
jsreport-chrome-pdf,CWE-22
jsrsasign,CWE-347
jsrsasign,CWE-362
jsrsasign,CWE-119
jsrsasign,CWE-347
jsrsasign,CWE-347
jsrsasign,CWE-119
jsrsasign,CWE-347
jsuites,CWE-79
jsuites,CWE-79
jsx-slack,CWE-400
jsx-slack,CWE-400
jsx-slack,CWE-1333
jszip,CWE-22
jszip,CWE-1321
jwt-simple,CWE-20
jwt-simple,CWE-347
karma,CWE-79
karma,CWE-601
kerberos,CWE-427
kerberos,CWE-427
keycloak-connect,CWE-287
keycloak-connect,CWE-253
keycloak-connect,CWE-345
keycloak-connect,CWE-601
keystone,CWE-1255
keystone,CWE-20
keystone,CWE-79
keystone,CWE-79
keystone,CWE-352
kill-port-process,CWE-77
kill-port-process,CWE-78
killing,CWE-77
kind-of,CWE-668
klona,CWE-1321
klona,CWE-20
knex,CWE-89
knex,CWE-89
koa-remove-trailing-slashes,CWE-601
lactate,CWE-22
larvitbase-api,CWE-829
launchpad,CWE-77
layui,CWE-79
lazysizes,CWE-79
lazysizes,CWE-79
ldapauth-fork,CWE-90
lemonldap-ng-handler,CWE-287
libnmap,CWE-77
libp2p,CWE-400
libp2p,CWE-770
libp2p-secio,CWE-290
libpq,CWE-400
libpq,CWE-704
libxl,CWE-311
libxl,CWE-269
libxmljs,CWE-20
libyaml,CWE-119
lifion-verify-deps,CWE-78
lightning-server,CWE-79
link-preview-js,CWE-918
liquidjs,CWE-200
list-n-stream,CWE-22
lite-dev-server,CWE-22
lite-server,CWE-400
lite-web-server,CWE-400
litespeed.js,CWE-1321
lix,CWE-639
lix,CWE-544
load-from-cwd-or-npm,CWE-506
loader-utils,CWE-400
loader-utils,CWE-1333
loader-utils,CWE-1321
local-devices,CWE-77
localhost-now,CWE-22
localhost-now,CWE-22
localhost-now,CWE-22
lodash.merge,CWE-1321
lodash.merge,CWE-1321
log4js,CWE-276
logkitty,CWE-94
loopback,CWE-200
loopback,CWE-285
loopback-connector-mongodb,CWE-89
loopback-connector-mongodb,CWE-89
loopback-connector-postgresql,CWE-89
loopback-connector-postgresql,CWE-20
lutils,CWE-1321
lutils-merge,CWE-400
luxon,CWE-1333
m.static,CWE-22
macaca-chromedriver,CWE-311
macaca-chromedriver-zxa,CWE-311
madge,CWE-89
madge,CWE-77
madlib-object-utils,CWE-915
madlib-object-utils,CWE-1321
madlib-object-utils,CWE-1321
mapbox.js,CWE-79
mapbox.js,CWE-79
mariadb,CWE-506
marionette-socket-host,CWE-311
marionette-socket-host,CWE-269
markdown-it,CWE-1333
markdown-it,CWE-400
markdown-it,CWE-1333
markdown-it-decorate,CWE-79
markdown-it-highlightjs,CWE-79
markdown-it-toc,CWE-79
markdown-it-toc-and-anchor,CWE-400
markdown-link-extractor,CWE-1333
markdown-nice,CWE-79
markdown-pdf,CWE-22
markdown-pdf,CWE-79
markdown-to-jsx,CWE-79
marked,CWE-400
marked,CWE-400
marked,CWE-1333
marked,CWE-79
marked,CWE-400
marked,CWE-79
marked,CWE-79
marked,CWE-1333
marked,CWE-1333
marked,CWE-79
marked,CWE-400
marked,CWE-1333
marky-markdown,CWE-79
marky-markdown,CWE-79
marsdb,CWE-77
mathjs,CWE-915
mathjs,CWE-88
mathjs,CWE-94
matrix-appservice-bridge,CWE-306
matrix-appservice-bridge,CWE-287
matrix-appservice-irc,CWE-200
matrix-appservice-irc,CWE-74
matrix-appservice-irc,CWE-269
matrix-appservice-irc,CWE-269
matrix-appservice-irc,CWE-20
matrix-appservice-irc,CWE-89
matrix-js-sdk,CWE-287
matrix-js-sdk,CWE-322
matrix-js-sdk,CWE-287
matrix-js-sdk,CWE-1321
matrix-js-sdk,CWE-287
matrix-js-sdk,CWE-20
matrix-js-sdk,CWE-327
matrix-js-sdk,CWE-200
matrix-js-sdk,CWE-1321
matrix-js-sdk,CWE-862
matrix-js-sdk,CWE-322
matrix-react-sdk,CWE-434
matrix-react-sdk,CWE-74
matrix-react-sdk,CWE-74
matrix-react-sdk,CWE-74
matrix-react-sdk,CWE-79
matrix-react-sdk,CWE-1321
matrix-react-sdk,CWE-1321
matrix-react-sdk,CWE-80
matrix-react-sdk,CWE-345
matrix-react-sdk,CWE-79
mavon-editor,CWE-79
mcstatic,CWE-22
mcstatic,CWE-22
md-data-table,CWE-79
md-to-pdf,CWE-94
mem,CWE-400
memjs,CWE-400
mercurius,CWE-754
mercurius,CWE-248
merge-change,CWE-915
mergify,CWE-1321
mermaid,CWE-79
mermaid,CWE-74
mermaid,CWE-79
mermaid,CWE-79
mermaid,CWE-20
mermaid,CWE-79
meta-git,CWE-77
metascraper,CWE-79
method-override,CWE-400
metro4,CWE-79
millisecond,CWE-1333
millisecond,CWE-400
mime,CWE-400
min-dash,CWE-1321
min-dash,CWE-1321
min-http-server,CWE-79
mind-elixir,CWE-79
minimatch,CWE-1333
minimatch,CWE-400
minimatch,CWE-400
minimist,CWE-1321
minimist,CWE-1321
mirador,CWE-79
mithril,CWE-1321
mixme,CWE-913
mixme,CWE-1321
mixme,CWE-1321
mjml,CWE-22
mobile-icon-resizer,CWE-94
mobiledoc-kit,CWE-79
mobx-model-xd,CWE-506
mock2easy,CWE-77
mockery,CWE-1321
modern-async,CWE-770
modern-async,CWE-400
moment,CWE-27
moment,CWE-22
moment,CWE-400
moment,CWE-400
moment,CWE-1333
moment,CWE-400
moment-timezone,CWE-319
mongo-express,CWE-79
mongo-express,CWE-754
mongo-express,CWE-78
mongodb,CWE-200
mongodb,CWE-532
mongodb-client-encryption,CWE-295
mongodb-query-parser,CWE-20
mongoose,CWE-1321
mongoose,CWE-1321
mongoose,CWE-201
mongoose,CWE-20
monorepo-build,CWE-77
morgan,CWE-94
mosca,CWE-185
mosca,CWE-20
motiv.scss,CWE-506
mout,CWE-1321
mout,CWE-1321
mpath,CWE-843
mpath,CWE-400
mpath,CWE-1321
mqtt,CWE-674
mqtt,CWE-248
mqtt-packet,CWE-126
mqtt-packet,CWE-125
mqtt-packet,CWE-400
mquery,CWE-94
ms,CWE-1333
ms,CWE-400
msgpack5,CWE-1321
msgpack5,CWE-915
msrcrypto,CWE-682
msrcrypto,CWE-682
multi-ini,CWE-1321
multi-ini,CWE-1321
mustache,CWE-79
mversion,CWE-78
mversion,CWE-77
mysql,CWE-201
mysql,CWE-200
mysql,CWE-89
mystem3,CWE-311
n158,CWE-77
n158,CWE-74
n8n,CWE-668
n8n,CWE-22
nadesiko3,CWE-703
nadesiko3,CWE-78
nadesiko3,CWE-755
nadesiko3,CWE-78
nanoid,CWE-200
nats,CWE-522
nats,CWE-522
nbdime,CWE-79
nconf,CWE-1321
nedb,CWE-1321
negotiator,CWE-400
nes,CWE-400
nested-object-assign,CWE-400
nestie,CWE-913
nestie,CWE-1321
next,CWE-248
next,CWE-20
next,CWE-601
next,CWE-22
next,CWE-451
next,CWE-79
next,CWE-20
next,CWE-23
next,CWE-22
next,CWE-20
next,CWE-79
next,CWE-601
next,CWE-400
next,CWE-754
next-auth,CWE-79
next-auth,CWE-754
next-auth,CWE-863
next-auth,CWE-290
next-auth,CWE-20
next-auth,CWE-532
next-auth,CWE-601
next-auth,CWE-352
next-auth,CWE-601
next-auth,CWE-290
nextcloud-vue-collections,CWE-79
ng-packagr,CWE-78
ng-ui-library,CWE-506
ngx-md,CWE-79
nis-utils,CWE-915
nis-utils,CWE-1321
nitrado.js,CWE-1333
njwt,CWE-125
no-case,CWE-400
nocodb,CWE-269
nocodb,CWE-400
nocodb,CWE-770
nocodb,CWE-20
nocodb,CWE-79
nocodb,CWE-200
nocodb,CWE-209
nocodb,CWE-918
nocodb,CWE-613
nocodb,CWE-89
node-air-sdk,CWE-311
node-bluetooth,CWE-120
node-etsy-client,CWE-200
node-etsy-client,CWE-209
node-fetch,CWE-601
node-fetch,CWE-200
node-fetch,CWE-173
node-fetch,CWE-1333
node-fetch,CWE-400
node-fetch,CWE-770
node-fetch,CWE-20
node-forge,CWE-1321
node-forge,CWE-601
node-forge,CWE-347
node-forge,CWE-347
node-forge,CWE-1321
node-forge,CWE-601
node-forge,CWE-915
node-forge,CWE-347
node-inspector,CWE-290
node-ipc,CWE-506
node-ipc,CWE-94
node-jose,CWE-835
node-jose,CWE-200
node-jose,CWE-347
node-lmdb,CWE-241
node-lmdb,CWE-703
node-mpv,CWE-78
node-notifier,CWE-78
node-oojs,CWE-1321
node-opcua,CWE-400
node-opcua,CWE-400
node-opcua,CWE-770
node-os-utils,CWE-94
node-red,CWE-79
node-red,CWE-79
node-red-contrib-huemagic,CWE-22
node-red-dashboard,CWE-79
node-red-dashboard,CWE-22
node-red-dashboard,CWE-79
node-rules,CWE-78
node-rules,CWE-94
node-saml,CWE-347
node-sass,CWE-400
node-sass,CWE-295
node-serialize,CWE-502
node-server-forfront,CWE-22
node-simple-router,CWE-22
node-srv,CWE-22
node-static,CWE-22
node-static,CWE-400
node-static,CWE-248
node-weakauras-parser,CWE-120
node-wifi,CWE-77
nodebatis,CWE-89
nodebb,CWE-22
nodebb,CWE-287
nodebb,CWE-22
nodebb,CWE-352
nodebb,CWE-1385
nodebb,CWE-665
nodebb,CWE-79
nodebb,CWE-79
nodebb,CWE-338
nodebb,CWE-330
nodebb,CWE-352
nodebb,CWE-79
nodebb,CWE-346
nodee-utils,CWE-1321
nodejs-cookie-proxy-agent,CWE-506
nodemailer,CWE-88
nodemailer,CWE-74
nodeschnaps,CWE-311
nodewebkit,CWE-311
normalize-url,CWE-400
notevil,CWE-1321
notevil,CWE-1321
npm,CWE-732
npm,CWE-200
npm,CWE-532
npm,CWE-200
npm,CWE-59
npm,CWE-269
npm,CWE-22
npm,CWE-61
npm,CWE-59
npm,CWE-22
npm-git-publish,CWE-77
npm-groovy-lint,CWE-20
npm-programmatic,CWE-20
npm-programmatic,CWE-78
npm-registry-fetch,CWE-352
npmconf,CWE-125
ntfserver,CWE-311
nth-check,CWE-1333
nuclide,CWE-20
nunjucks,CWE-79
nunjucks,CWE-79
nuxt,CWE-94
nw,CWE-311
nw-with-arm,CWE-311
oauth2-server,CWE-601
oauth2-server,CWE-94
object-hierarchy-access,CWE-1321
object-hierarchy-access,CWE-915
object-path,CWE-915
object-path,CWE-471
object-path,CWE-1321
object-path,CWE-20
object-path,CWE-1321
object-path,CWE-843
objection,CWE-915
objection,CWE-1321
obsidian-dataview,CWE-94
oils,CWE-601
open,CWE-77
opencc,CWE-125
opencv,CWE-78
opencv,CWE-77
opencv.js,CWE-506
openmct,CWE-1321
openpgp,CWE-347
openpgp,CWE-327
openpgp,CWE-347
openpgp,CWE-347
osm-static-maps,CWE-79
osm-static-maps,CWE-74
otpauth,CWE-287
pac-resolver,CWE-94
papaparse,CWE-1333
papaparse,CWE-185
parcel-bundler,CWE-200
parse,CWE-256
parse-link-header,CWE-400
parse-server,CWE-200
parse-server,CWE-670
parse-server,CWE-74
parse-server,CWE-755
parse-server,CWE-295
parse-server,CWE-276
parse-server,CWE-295
parse-server,CWE-287
parse-server,CWE-669
parse-server,CWE-863
parse-server,CWE-1321
parse-server,CWE-1284
parse-server,CWE-287
parse-server,CWE-20
parse-server,CWE-287
parse-server,CWE-863
parse-server,CWE-290
parse-server,CWE-200
parse-server,CWE-444
parse-server,CWE-285
parse-server,CWE-74
parse-server,CWE-1321
parse-server,CWE-1321
parse-server,CWE-312
parse-server,CWE-1321
parse-server,CWE-434
parse-server,CWE-287
parse-server,CWE-20
parse-server,CWE-209
parse-server,CWE-200
parse-server,CWE-672
parse-server,CWE-252
parse-server,CWE-200
parse-server,CWE-1321
parse-server,CWE-212
parse-url,CWE-79
parse-url,CWE-115
parse-url,CWE-79
parse-url,CWE-200
parse-url,CWE-918
parse-url,CWE-918
passport,CWE-384
passport-azure-ad,CWE-287
passport-saml,CWE-400
passport-saml,CWE-347
passport-sharepoint,CWE-345
passport-wsfed-saml2,CWE-290
passport-wsfed-saml2,CWE-287
passport-wsfed-saml2,CWE-290
pathval,CWE-1321
pathval,CWE-20
payload,CWE-200
payload,CWE-434
paypal-adaptive,CWE-400
pdfinfojs,CWE-77
pdfinfojs,CWE-78
pem,CWE-200
pennyworth,CWE-311
pg,CWE-94
phantom-html-to-pdf,CWE-200
phantom-html-to-pdf,CWE-22
phantomjs,CWE-552
phpjs,CWE-1321
pidusage,CWE-77
pivottable,CWE-79
plist,CWE-1321
plotly.js,CWE-79
plotter,CWE-77
plupload,CWE-434
plupload,CWE-75
png-img,CWE-190
png-img,CWE-787
pngcrush-installer,CWE-311
pnpm,CWE-426
pnpm,CWE-284
pomelo,CWE-668
ponse,CWE-22
pooledwebsocket,CWE-22
posix,CWE-252
post-loader,CWE-79
postcss,CWE-144
postcss,CWE-400
postcss,CWE-74
postcss,CWE-400
posthog-js,CWE-79
pouchdb,CWE-94
preact,CWE-74
priest-runner,CWE-77
prince,CWE-269
prince,CWE-311
printer,CWE-77
printf,CWE-400
prismjs,CWE-79
prismjs,CWE-79
prismjs,CWE-400
prismjs,CWE-400
prismjs,CWE-400
private-ip,CWE-918
product-monitor,CWE-311
progressbar.js,CWE-1321
projen,CWE-527
properties-reader,CWE-1321
protobufjs,CWE-1321
protobufjs,CWE-1321
protobufjs,CWE-1333
pug,CWE-74
puppeteer,CWE-416
putil-merge,CWE-1321
putil-merge,CWE-1321
pym.js,CWE-352
qs,CWE-20
qs,CWE-400
qs,CWE-1321
qs,CWE-400
quill,CWE-79
quill,CWE-1022
quill-mention,CWE-79
randomatic,CWE-338
randomatic,CWE-330
raneto,CWE-79
raneto,CWE-521
raneto,CWE-287
react,CWE-79
react,CWE-79
react-adal,CWE-287
react-admin,CWE-79
react-bootstrap-table,CWE-79
react-datepicker-plus,CWE-506
react-dev-utils,CWE-78
react-dev-utils,CWE-78
react-devtools-core,CWE-285
react-dom,CWE-79
react-draft-wysiwyg,CWE-79
react-editable-json-tree,CWE-95
react-marked-markdown,CWE-79
react-native,CWE-697
react-native,CWE-400
react-native-fast-image,CWE-200
react-native-reanimated,CWE-1333
react-native-webview,CWE-79
react-native-webview,CWE-863
react-svg,CWE-79
readthedocs,CWE-79
rebber,CWE-78
redbird,CWE-20
redis,CWE-400
redis-commander,CWE-79
reduce-css-calc,CWE-94
reg-keygen-git-hash-plugin,CWE-94
reg-keygen-git-hash-plugin,CWE-78
remark-html,CWE-79
remarkable,CWE-79
remarkable,CWE-94
remarkable,CWE-79
remarkable,CWE-400
remult,CWE-284
rendertron,CWE-79
rendertron,CWE-284
rendertron,CWE-22
rendertron,CWE-918
rendertron,CWE-200
rendr,CWE-79
renovate,CWE-200
replicator,CWE-502
request,CWE-201
request,CWE-918
requestretry,CWE-200
resquel,CWE-89
restafary,CWE-22
restify,CWE-79
restify-swagger-jsdoc,CWE-22
reveal.js,CWE-79
reveal.js,CWE-79
rfc6902,CWE-1321
riot-compiler,CWE-400
robot-js,CWE-311
robots-txt-guard,CWE-1333
rollup-plugin-serve,CWE-22
rpc-websocket,CWE-506
rsshub,CWE-79
rsshub,CWE-918
rsshub,CWE-74
rsshub,CWE-1333
rsshub,CWE-400
rtcmulticonnection-client,CWE-22
s3-uploader,CWE-78
safe-eval,CWE-1321
safe-eval,CWE-610
safe-eval,CWE-1321
safe-eval,CWE-94
safe-eval,CWE-1321
safe-flat,CWE-1321
safe-obj,CWE-1321
safer-eval,CWE-94
safer-eval,CWE-94
safer-eval,CWE-20
safer-eval,CWE-94
sails,CWE-284
sails,CWE-248
sails,CWE-1321
sails-hook-sockets,CWE-20
sails-mysql,CWE-89
saml2-js,CWE-287
saml2-js,CWE-287
samlify,CWE-347
samlify,CWE-91
samsung-remote,CWE-77
sanitize-html,CWE-79
sanitize-html,CWE-79
sanitize-html,CWE-79
sanitize-html,CWE-20
sanitize-html,CWE-20
sapper,CWE-22
scala-bin,CWE-311
scalajs-standalone-bin,CWE-311
scratch-svg-renderer,CWE-79
scratch-svg-renderer,CWE-79
scratch-vm,CWE-502
script-manager,CWE-94
scss-tokenizer,CWE-1333
sds,CWE-1321
sds,CWE-1321
sds,CWE-915
select2,CWE-79
selenium-binaries,CWE-311
selenium-download,CWE-311
selenium-wrapper,CWE-311
semantic-release,CWE-200
semantic-release,CWE-116
semver,CWE-1333
semver,CWE-1333
send,CWE-22
send,CWE-200
seneca,CWE-209
sequelize,CWE-843
sequelize,CWE-89
sequelize,CWE-89
sequelize,CWE-89
sequelize,CWE-248
sequelize,CWE-89
sequelize,CWE-89
sequelize,CWE-89
sequelize,CWE-89
sequelize,CWE-89
sequelize,CWE-20
sequelize,CWE-200
sequelize,CWE-89
sequelize,CWE-89
sequelize,CWE-89
sequelize-cli,CWE-532
serialize-javascript,CWE-502
serialize-javascript,CWE-79
serialize-to-js,CWE-79
serialize-to-js,CWE-502
serve,CWE-22
serve,CWE-79
serve,CWE-200
serve,CWE-22
serve,CWE-22
serve,CWE-548
serve,CWE-177
serve,CWE-79
serve-here,CWE-22
serve-index,CWE-79
serve-static,CWE-601
serverless-offline,CWE-863
servey,CWE-22
servey,CWE-22
servst,CWE-22
ses,CWE-20
set-in,CWE-1321
set-in,CWE-1321
sey,CWE-1321
sharp,CWE-78
sharp,CWE-77
shave,CWE-79
shell-quote,CWE-77
shell-quote,CWE-94
shell-quote,CWE-78
shelljs,CWE-269
shelljs,CWE-269
shescape,CWE-78
shescape,CWE-88
shescape,CWE-200
shescape,CWE-74
shescape,CWE-1333
shescape,CWE-74
shescape,CWE-526
shescape,CWE-150
shiba,CWE-94
shout,CWE-80
showdown,CWE-1022
simditor,CWE-79
simditor,CWE-79
simpl-schema,CWE-1321
simple-crypto-js,CWE-327
simple-get,CWE-200
simple-git,CWE-77
simple-git,CWE-74
simple-git,CWE-78
simple-git,CWE-88
simple-markdown,CWE-1333
simple-markdown,CWE-79
simple-markdown,CWE-400
simple-markdown,CWE-1333
simple-plist,CWE-1321
simplemde,CWE-79
skeemas,CWE-1333
slp-validate,CWE-20
slp-validate,CWE-697
slp-validate,CWE-697
slpjs,CWE-697
slpjs,CWE-20
slpjs,CWE-697
slug,CWE-400
smart-extend,CWE-1321
snowflake-sdk,CWE-77
snyk,CWE-78
snyk,CWE-78
snyk,CWE-94
snyk-broker,CWE-59
snyk-broker,CWE-22
snyk-broker,CWE-22
snyk-broker,CWE-22
snyk-broker,CWE-532
snyk-broker,CWE-22
snyk-broker,CWE-22
socket.io,CWE-346
socket.io,CWE-453
socket.io,CWE-330
socket.io-parser,CWE-20
socket.io-parser,CWE-20
socket.io-parser,CWE-400
socket.io-parser,CWE-754
socket.io-parser,CWE-1287
sockjs,CWE-79
sockjs,CWE-20
soletta-dev-app,CWE-77
spritesheet-js,CWE-74
sql,CWE-89
sqlite3,CWE-915
sqlite3,CWE-248
sqlite3,CWE-913
squel,CWE-89
squel,CWE-74
squirrelly,CWE-200
ssb-db,CWE-200
ssh2,CWE-78
sshpk,CWE-185
sshpk,CWE-770
ssri,CWE-400
ssri,CWE-400
st,CWE-601
st,CWE-22
standard-version,CWE-77
starkbank-ecdsa,CWE-347
starkbank-ecdsa,CWE-347
startserver,CWE-22
static-eval,CWE-94
static-eval,CWE-94
static-eval,CWE-20
static-server,CWE-22
stattic,CWE-22
status-board,CWE-79
status-board,CWE-79
steal,CWE-1333
steal,CWE-1321
steal,CWE-1333
steal,CWE-1333
steal,CWE-1321
steal,CWE-1321
steal,CWE-1321
steal,CWE-1321
stellar-sdk,CWE-347
stellar-sdk,CWE-287
steroids,CWE-311
strapi,CWE-78
strapi,CWE-212
strapi,CWE-640
strapi,CWE-20
strapi,CWE-77
strapi,CWE-400
strapi,CWE-77
strapi,CWE-434
strapi,CWE-89
strapi,CWE-862
strapi,CWE-922
strapi,CWE-79
strapi,CWE-20
strapi,CWE-640
strapi,CWE-78
strapi,CWE-212
strapi-plugin-content-manager,CWE-79
strapi-plugin-content-type-builder,CWE-276
strider-sauce,CWE-311
string,CWE-400
string-kit,CWE-1333
subtext,CWE-1321
subtext,CWE-400
summit,CWE-94
superagent,CWE-409
superagent,CWE-400
superjson,CWE-1321
superjson,CWE-94
supermixer,CWE-1321
superstatic,CWE-177
svelecte,CWE-79
svelte,CWE-79
svg2png,CWE-79
swagger-injector,CWE-22
swagger-ui,CWE-79
swagger-ui,CWE-79
swagger-ui,CWE-79
swagger-ui,CWE-79
swagger-ui,CWE-20
swagger-ui,CWE-918
swagger-ui,CWE-352
swagger-ui,CWE-79
swagger-ui,CWE-1022
swagger-ui,CWE-79
swagger-ui,CWE-79
swagger-ui,CWE-79
swagger-ui,CWE-79
swagger-ui,CWE-79
swagger-ui,CWE-79
sweetalert2,CWE-440
sweetalert2,CWE-912
sweetalert2,CWE-912
sweetalert2,CWE-912
sweetalert2,CWE-912
swiper,CWE-1321
switcher-client,CWE-400
switcher-client,CWE-1333
systeminformation,CWE-78
systeminformation,CWE-78
systeminformation,CWE-77
systeminformation,CWE-471
systeminformation,CWE-77
systeminformation,CWE-78
systeminformation,CWE-78
systeminformation,CWE-78
systeminformation,CWE-78
systeminformation,CWE-78
tableexport.jquery.plugin,CWE-79
takeapeek,CWE-22
takeapeek,CWE-79
tar,CWE-23
tar,CWE-22
tar,CWE-22
tar,CWE-22
tar,CWE-59
tar,CWE-22
tar,CWE-22
tar,CWE-59
tar,CWE-59
tar,CWE-59
tar,CWE-59
tar-fs,CWE-20
teddy,CWE-843
teddy,CWE-79
tenvoy,CWE-347
tenvoy,CWE-347
terminal-kit,CWE-1333
terriajs-server,CWE-918
terser,CWE-1333
tesseract.js,CWE-829
textangular,CWE-79
think-helper,CWE-915
think-helper,CWE-1321
thinkjs,CWE-89
three,CWE-79
three,CWE-400
tileserver-gl,CWE-79
timespan,CWE-400
tiny-json-http,CWE-295
tomato,CWE-77
tomato,CWE-287
tough-cookie,CWE-1321
tough-cookie,CWE-400
tough-cookie,CWE-1333
transpile,CWE-755
transpile,CWE-400
tree-kill,CWE-77
tree-kill,CWE-94
tree-kit,CWE-1321
tree-kit,CWE-1321
ts-deepmerge,CWE-1321
ts-nodash,CWE-1321
ts-nodash,CWE-915
tui-grid,CWE-79
type-graphql,CWE-209
typed-function,CWE-94
typed-rest-client,CWE-522
typeorm,CWE-1321
typeorm,CWE-471
typeorm,CWE-89
ua-parser-js,CWE-400
ua-parser-js,CWE-829
ua-parser-js,CWE-400
ua-parser-js,CWE-912
ua-parser-js,CWE-400
ua-parser-js,CWE-400
ua-parser-js,CWE-1333
uap-core,CWE-185
uap-core,CWE-20
uap-core,CWE-400
uglify-js,CWE-1333
uglify-js,CWE-670
uglify-js,CWE-1254
umount,CWE-78
undefsafe,CWE-74
underscore,CWE-94
underscore-keypath,CWE-1321
underscore.string,CWE-400
undici,CWE-295
undici,CWE-74
undici,CWE-200
undici,CWE-93
undici,CWE-74
undici,CWE-601
undici,CWE-346
undici,CWE-1333
undici,CWE-93
undici,CWE-918
undici,CWE-93
undici,CWE-93
ungit,CWE-77
ungit,CWE-77
unzipper,CWE-22
uppy,CWE-918
uri-js,CWE-400
urijs,CWE-20
urijs,CWE-601
urijs,CWE-601
urijs,CWE-20
urijs,CWE-115
urijs,CWE-20
urijs,CWE-639
urijs,CWE-20
urijs,CWE-601
url-js,CWE-20
url-parse,CWE-23
url-parse,CWE-639
url-parse,CWE-639
url-parse,CWE-601
url-parse,CWE-639
url-parse,CWE-639
url-parse,CWE-20
url-parse,CWE-425
url-regex,CWE-400
useragent,CWE-400
v8n,CWE-1333
v8n,CWE-400
validator,CWE-79
validator,CWE-1333
validator,CWE-79
validator,CWE-79
validator,CWE-79
validator,CWE-79
validator,CWE-400
validator,CWE-1333
valine,CWE-79
valine,CWE-79
valine,CWE-94
valine,CWE-74
valine,CWE-79
vant,CWE-79
vconsole,CWE-1321
vditor,CWE-79
vditor,CWE-79
vditor,CWE-79
vditor,CWE-79
vega,CWE-79
vega,CWE-79
vega-util,CWE-915
vega-util,CWE-20
vega-util,CWE-1321
verdaccio,CWE-79
video.js,CWE-79
vis-timeline,CWE-79
vite,CWE-200
vite,CWE-706
vite,CWE-50
vite,CWE-22
vm2,CWE-913
vm2,CWE-74
vm2,CWE-913
vm2,CWE-74
vm2,CWE-915
vm2,CWE-1321
vm2,CWE-94
vm2,CWE-674
vm2,CWE-78
vm2,CWE-74
vm2,CWE-913
vm2,CWE-94
vm2,CWE-1321
vmd,CWE-79
vuetify,CWE-79
wangeditor,CWE-79
wasdk,CWE-311
waterline-sequel,CWE-89
wc-cmd,CWE-77
webpack-bundle-analyzer,CWE-79
webpack-dev-server,CWE-20
webpack-subresource-integrity,CWE-345
webrtc-native,CWE-311
webtorrent,CWE-79
whois,CWE-1321
whois,CWE-74
whois,CWE-94
window-control,CWE-77
windows-build-tools,CWE-311
workerd,CWE-190
workerd,CWE-127
workerd,CWE-125
worksmith,CWE-1321
workspace-tools,CWE-77
wrangler,CWE-22
ws,CWE-400
ws,CWE-345
ws,CWE-400
ws,CWE-201
ws,CWE-400
x-data-spreadsheet,CWE-79
xlsx,CWE-400
xlsx,CWE-400
xlsx,CWE-345
xlsx,CWE-1321
xlsx,CWE-400
xml-crypto,CWE-287
xml2js,CWE-1321
xmldom,CWE-1288
xmldom,CWE-20
xmldom,CWE-116
xmldom,CWE-115
xmldom,CWE-436
xo-web,CWE-863
xtalk,CWE-22
xterm,CWE-94
xweb_3.0_component_lib,CWE-506
xweb_3.0_rootlib,CWE-506
xweb_3.0_util_lib,CWE-506
y18n,CWE-1321
y18n,CWE-20
y18n,CWE-915
yaml,CWE-248
yapi-vendor,CWE-330
yapi-vendor,CWE-79
yapi-vendor,CWE-79
yar,CWE-400
yargs-parser,CWE-1321
yargs-parser,CWE-915
yarn,CWE-367
yarn,CWE-78
yarn,CWE-22
yarn,CWE-311
yarn,CWE-319
yui,CWE-79
zemen,CWE-506
zero,CWE-22
zod,CWE-1333
zrender,CWE-1321
zrender,CWE-915
